title,price,image,description
BMW X5,$33500,https://im.mashina.kg/tachka/images//9/e/e/9ee9bf6d84420b85a194ab0fa09f5da7_240x180.jpg,"–ú –ø–∞–∫–µ—Ç —Å –∑–∞–≤–æ–¥–∞, —á–µ—Ä–Ω—ã–π –∫–æ–∂–∞–Ω—ã–π —Å–∞–ª–æ–Ω —Ä–µ–∫–∞—Ä–æ, —Å–∏–¥–µ–Ω–∏—è –ø–æ–≤—ã—à–µ–Ω–Ω–æ–π –∫–æ–º—Ñ–æ—Ä—Ç–Ω–æ—Å—Ç–∏, –ø–∞–º—è—Ç—å,–æ–±–¥—É–≤, –ø–æ–¥–æ–≥—Ä–µ–≤ –≤—Å–µ—Ö —Å–∏–¥–µ–Ω–∏–π,—á–µ—Ä–Ω—ã–π –ø–æ—Ç–æ–ª–æ–∫, –ø–∞–Ω–æ—Ä–∞–º–Ω–∞—è –∫—Ä—ã—à–∞, –∫–∞–º–µ—Ä–∞ 360 –≥—Ä–∞–¥—É—Å–æ–≤, Harman Kardon –∞—É–¥–∏–æ—Å–∏—Å—Ç–µ–º–∞, —É–¥–µ—Ä–∂–∞–Ω–∏–µ –ø–æ–ª–æ—Å—ã, —Å–∏—Å—Ç–µ–º–∞ –ø—Ä–µ–¥–æ—Ç–≤—Ä–∞—â–µ–Ω–∏—è —Å—Ç–æ–ª–∫–Ω–æ–≤–µ–Ω–∏–π, –¥–∏—Å—Ç—Ä–æ–Ω–∏–∫, –ø–∞—Ä–∫—Ç—Ä–æ–Ω–∏–∫–∏ –≤ –∫—Ä—É–≥, –ú-—Ä—É–ª—å, —à–∏—Ñ—Ç—Ä–æ–Ω–∏–∫, –ø—Ä–æ–µ–∫—Ü–∏—è, –ª–æ–±–æ–≤–æ–µ –∞–Ω—Ç–∏–±–ª–∏–∫, —ç–ª–µ–∫—Ç—Ä–æ –±–∞–≥–∞–∂–Ω–∏–∫, –Ω–æ–≤–∞—è –∑–∏–º–Ω—è—è —Ä–µ–∑–∏–Ω–∞, –≤ –æ–¥–Ω–∏—Ö —Ä—É–∫–∞—Ö –∏–∑ –ê–º–µ—Ä–∏–∫–∏, —Ä–æ–¥–Ω–æ–π –æ–∫—Ä–∞—Å, —Å–æ—Å—Ç–æ—è–Ω–∏–µ –æ—á–µ–Ω—å —Ö–æ—Ä–æ—à–µ–µ, –∑–∞–∫–∞–∑—ã–≤–∞–ª–∏ –¥–ª—è —Å–µ–±—è.
–°–¥–µ–ª–∞–Ω–æ –ø–æ–ª–Ω–æ–µ –¢.–û, —Å–µ–ª –∏ –ø–æ–µ—Ö–∞–ª"
Land Rover Range Rover,$96000,https://im.mashina.kg/tachka/images//e/1/0/e10f4b6927cdb0ab6be82d46c2cd4d27_240x180.jpg,"–ü—Ä–æ–¥–∞—é: LAND ROVER RANGE ROVER AUTOBIOGRAPHY 
–≥–æ–¥ –≤—ã–ø—É—Å–∫–∞ : 2018 10–º–µ—Å—è—Ü
–¶–≤–µ—Ç : –ß–Å–†–ù–´–ô 
–û–±—ä—ë–º : 4.4 —Ç—É—Ä–±–æ –¥–∏–∑–µ–ª—å
–ü—Ä–æ–±–µ–≥ : 36.000 –∫–º
–ï—Å—Ç—å –≤—Å—è –∏—Å—Ç–æ—Ä–∏—è –æ–±—Å–ª—É–∂–∏–≤–∞–Ω–∏—è .
–ö–æ–º–ø–ª–µ–∫—Ç–∞—Ü–∏—è :autobiography —á—ë—Ä–Ω—ã–π  —Å–∞–ª–æ–Ω, —Å–∞–º–∞—è –ø–æ–ª–Ω–∞—è –∫–æ–º–ø–ª–µ–∫—Ç–∞—Ü–∏—è, –ø–æ–ª–Ω—ã–π —ç–ª–µ–∫—Ç—Ä–æ–ø–∞–∫–µ—Ç, –ø–Ω–µ–≤–º–∞ –ø–æ–¥–≤–µ—Å–∫–∞,—É—Ä–æ–≤–µ–Ω—å –∂—ë—Å—Ç–∫–æ—Å—Ç–∏ –∞–º–æ—Ä—Ç–∏–∑–∞—Ç–æ—Ä–æ–≤,–±–æ–ª—å—à–æ–π –º–æ–Ω–∏—Ç–æ—Ä,–ø–µ—Ä–µ–¥–Ω–∏–µ –ø–æ–¥–æ–≥—Ä–µ–≤—ã –∏ –æ–±–¥—É–≤—ã —Å–∏–¥–µ–Ω–∏–π,–ø–æ–¥–æ–≥—Ä–µ–≤—ã –∏ –æ–±–¥—É–≤—ã –∑–∞–¥–Ω–∏—Ö —Å–∏–¥–µ–Ω–∏–π,—ç–ª–µ–∫—Ç—Ä–æ —Ä–µ–≥—É–ª–∏—Ä–æ–≤–∫–∞ –∑–∞–¥–Ω–∏—Ö —Å–∏–¥–µ–Ω–∏–π, 4-—Ö –∑–æ–Ω–Ω—ã–π –∫–ª–∏–º–∞—Ç –∫–æ–Ω—Ç—Ä–æ–ª—å,–º—É–∑—ã–∫–∞ MERIDIAN, –¥–µ—Ä–µ–≤o,—Ä—É–ª—å —Å –ø–æ–¥–æ–≥—Ä–µ–≤–æ–º,–ø–æ–ª–Ω—ã–π LED 4 –ª–∏–Ω–∑—ã,–ü–ê–ù–û–†–ê–ú–ê,–≥–æ—Ä–Ω—ã–π —Ç–æ—Ä–º–æ–∑,—Ä—É—Å–∏—Ñ–∏—Ü–∏—Ä–æ–≤–∞–Ω,–∞–Ω—Ç–∏–±–ª–∏–∫–æ–≤—ã–µ –∑–µ—Ä–∫–∞–ª–∞,–∫–∞–º–µ—Ä–∞ –∑–∞–¥–Ω–µ–≥–æ–≤–∏–¥–∞,–∫–æ–∂–∞–Ω—ã–π –ø–æ—Ç–æ–ª–æ–∫,–∫–∞–º–µ—Ä—ã 360¬∞,–∫–æ–Ω—Ç—Ä–æ–ª—å –ø–æ–ª–æ—Å—ã –∏ –¥–∞—Ç—á–∏–∫–∏ –º—ë—Ä—Ç–≤—ã—Ö –∑–æ–Ω,–∞ —Ç–∞–∫ –∂–µ –ø–æ–ª–Ω–∞—è –∫–µ—Ä–∞–º–∏–∫–∞ –∫—É–∑–æ–≤–∞,—ç–ª–µ–∫—Ç—Ä–æ –ø–æ–¥–æ–≥—Ä–µ–≤ –ª–æ–±–æ–≤–æ–≥–æ —Å—Ç–µ–∫–ª–∞.4 –º–∞—Å—Å–∞–∂–∞ –≥–æ—Ä—è—á–∏–º–∏ –∫–∞–º–Ω—è–º–∏. 
–ú–∞—à–∏–Ω–∞ –≤ –∏–¥–µ–∞–ª—å–Ω–æ–º —Å–æ—Å—Ç–æ—è–Ω–∏–∏,–∞–±—Å–æ–ª—é—Ç–Ω–æ –±–µ–∑ –≤–ª–æ–∂–µ–Ω–∏–π.
–í—Å–µ –º–∞—Å–ª–∞ –∏ —Ñ–∏–ª—å—Ç—Ä–∞ –∑–∞–º–µ–Ω–µ–Ω—ã. 
–ü—Ä–æ–π–¥–µ–Ω–æ –ø–æ–ª–Ω–æ–µ –¢–û —É –°–µ—Ä–≥–µ—è –≤ LAND ROVER —Ü–µ–Ω—Ç—Ä–µ. 
–°–≤–µ–∂–µ–ø—Ä–∏–≥–Ω–∞–Ω–∞ –∏–∑ –ö–æ—Ä–µ–∏.
–¶–µ–Ω–∞: 96000$ —Ç–æ—Ä–≥ —É–º–µ—Å—Ç–µ–Ω
–¢–µ–ª. : 0700963963"
Mercedes-Benz AMG GT,$135000,https://im.mashina.kg/tachka/images//3/5/b/35bbef1eba0c783d56a7791f6e3a3e8a_240x180.jpg,"Mercedes Benz AMG GT 
3.0 –±–µ–Ω–∑–∏–Ω 
2021/3
–ö–∞–º–µ—Ä–∞ 360.
What‚Äôs app : ‚Ä™+7¬†775¬†426¬†8955‚Ä¨"
Kia K7,$19700,https://im.mashina.kg/tachka/images//2/c/d/2cd223ad3399a18105754ed20ffa525a_240x180.jpg,"–û–ø–∏—Å–∞–Ω–∏–µ
–ü—Ä–æ–¥–∞—é KIA K7 –Ω–æ–≤—ã–π –∫—É–∑–æ–≤ —Ä–µ—Å—Ç–∞–π–ª–∏–Ω–≥ 
–ì–æ–¥: 2020
–û–±—ä–µ–º: 2.5 –±–µ–Ω–∑–∏–Ω
–ü—Ä–æ–±–µ–≥: 149..–∫–º —Ä–æ–¥–Ω–æ–π –ø—Ä–æ–±–µ–≥
–ß–µ—Ä–Ω—ã–π —Ü–≤–µ—Ç, –∫–æ–∂–∞–Ω—ã–π —Å–∞–ª–æ–Ω, —Ç–µ–º–Ω–æ–µ –¥–µ—Ä–µ–≤–æ, –±–æ–ª—å—à–æ–π –º–æ–Ω–∏—Ç–æ—Ä, –∫–∞–º–µ—Ä–∞ 360 –≥—Ä–∞–¥—É—Å–æ–≤, –ø–æ–¥–æ–≥—Ä–µ–≤—ã –≤—Å–µ—Ö —Å–∏–¥–µ–Ω–∏–π –∏ —Ä—É–ª—è, –æ–±–¥—É–≤ –ø–µ—Ä–µ–¥–Ω–∏—Ö —Å–∏–¥–µ–Ω–∏–π, –∫–∞–º–µ—Ä—ã –ø—Ä–∏ –≤–∫–ª—é—á–µ–Ω–∏–∏ –ø–æ–≤–æ—Ä–æ—Ç–Ω–∏–∫–∞, –ø–æ–¥ —Ä—É–ª–µ–≤—ã–µ –ª–µ–ø–µ—Å—Ç–∫–∏, –∞–≤—Ç–æ–ø–∏–ª–æ—Ç, –±–µ—Å–ø—Ä–æ–≤–æ–¥–Ω–∞—è –∑–∞—Ä—è–¥–∫–∞, 2—Ö –∑–æ–Ω–Ω—ã–π –∫–ª–∏–º–∞—Ç –∫–æ–Ω—Ç—Ä–æ–ª—å, —à—Ç–∞—Ç–Ω—ã–π –∞–≤—Ç–æ–∑–∞–≤–æ–¥, –¥–∞—Ç—á–∏–∫ —Å–ª–µ–ø—ã—Ö –∑–æ–Ω, –¥–∏—Å—Ç—Ä–æ–Ω–∏–∫, —ç–ª–µ–∫—Ç—Ä–æ–Ω–Ω—ã–π —Ä—É—á–Ω–∏–∫, –∞–≤—Ç–æ —Ö–æ–ª–¥, 4 —Ä–µ–∂–∏–º–∞ –µ–∑–¥—ã (Smart, Comfort, Sport, Eco), –¥–∞—Ç—á–∏–∫ –¥–æ–∂–¥—è, –ø–∞–º—è—Ç—å —Ä—É–ª—è, –ø–∞–º—è—Ç—å —Å–∏–¥–µ–Ω–∏–π.–º–∞—Å–ª–æ –∑–∏–º–∞ —Ä–µ–∑–∏–Ω–∞
–ú–∞—à–∏–Ω–∞ –≤ —Ä–æ–¥–Ω–æ–º –æ–∫—Ä–∞—Å–µ, –≤—Å–µ —Å—Ç–µ–∫–ª–∞ —Ä–æ–¥–Ω—ã–µ, –æ—Ñ–æ—Ä–º–ª–µ–Ω–∞ –Ω–∞ –ö–† –Ω–æ–º–µ—Ä–∞—Ö.
–¶–µ–Ω–∞:19700 –∏–∑ –∑–∞ —Å—Ä–æ—á–Ω–æ—Å—Ç–∏ 
–¢–µ–ª:+996700991735 —Å–æ—Å—Ç–æ—è–Ω–∏–µ –Ω–æ–≤–æ–≥–æ –∞–≤—Ç–æ
–°–≤–µ–∂–∏–π –∏–∑ –ö–æ—Ä–µ–∏!!! –ë–µ–Ω–∑–∏–Ω —Å—Ä–æ—á–Ω–æ –≥–æ—Ä–∏—Ç —Ç–æ—Ä–≥ —É –∫–∞–ø–æ—Ç–∞ "
Lexus RX,$20800,https://im.mashina.kg/tachka/images//5/a/9/5a9806ea626c5316843cea3d9a49e106_240x180.jpg,"LEXUS RX450H
–ì–æ–¥ –≤—ã–ø—É—Å–∫–∞: 2011
–û–±—ä–µ–º –¥–≤–∏–≥–∞—Ç–µ–ª—è: 3.5 –≥–∏–±—Ä–∏–¥
–¢–æ–ø–ª–∏–≤–æ: –ë–µ–Ω–∑–∏–Ω
–ü—Ä–æ–±–µ–≥: 172.000–∫–º
–ü—Ä–∏–≤–æ–¥: –ü–æ–ª–Ω—ã–π
–°–≤–µ—Ç–ª—ã–π –∫–æ–∂–∞–Ω—ã–π —Å–∞–ª–æ–Ω –≤ –æ—Ç–ª–∏—á–Ω–æ–º —Å–æ—Å—Ç–æ—è–Ω–∏–∏, 2-—Ö –∑–æ–Ω–Ω—ã–π –∫–ª–∏–º–∞—Ç –∫–æ–Ω—Ç—Ä–æ–ª—å, —ç–ª–µ–∫—Ç—Ä–æ –ø—Ä–∏–≤–æ–¥ –±–∞–≥–∞–∂–Ω–∏–∫–∞, –ø–æ–¥–æ–≥—Ä–µ–≤ –ø–µ—Ä–µ–¥–Ω–∏—Ö —Å–∏–¥–µ–Ω–∏–π, –ø–∞—Ä–∫—Ç—Ä–æ–Ω–∏–∫–∏, –æ–±–æ–≥—Ä–µ–≤ –∑–µ—Ä–∫–∞–ª, –±–æ–ª—å—à–æ–π –º–æ–Ω–∏—Ç–æ—Ä, –¥–∂–æ–π—Å—Ç–∏–∫ —É–ø—Ä–∞–≤–ª–µ–Ω–∏—è –º—É–ª—å—Ç–∏–º–µ–¥–∏–µ–π, –∫–∞–º–µ—Ä–∞ –∑–∞–¥–Ω–µ–≥–æ –≤–∏–¥–∞, –∞–¥–∞–ø—Ç–∏–≤–Ω—ã–π –∫—Ä—É–∏–∑ –∫–æ–Ω—Ç—Ä–æ–ª—å, –±–µ–∑–∫–ª—é—á–µ–≤–æ–π –¥–æ—Å—Ç—É–ø, Push Start, –≤—Å–µ —Å—Ç–µ–∫–ª–∞ —Ä–æ–¥–Ω—ã–µ –≤–ø–ª–æ—Ç—å –¥–æ –ª–æ–±–æ–≤–æ–≥–æ, –ª—é–∫, –ø–∞–º—è—Ç—å —Å–∏–¥–µ–Ω–∏–π, –î–í–ê –ö–õ–Æ–ß–ê!
–ê–≤—Ç–æ –≤ –æ—Ç–ª–∏—á–Ω–æ–º —Å–æ—Å—Ç–æ—è–Ω–∏–∏! –í –ø–æ–ª–Ω–æ–π –∫–æ–º–ø–ª–µ–∫—Ç–∞—Ü–∏–∏!
–†–∞—Å—Ç–∞–º–æ–∂–µ–Ω–∞ –∏ –û—Ñ–æ—Ä–º–ª–µ–Ω–∞!
–¶–µ–Ω–∞: 20.800$
–ö–æ–Ω—Ç–∞–∫—Ç—ã: 0888200000"
BMW 7 —Å–µ—Ä–∏–∏,$30000,https://im.mashina.kg/tachka/images//d/7/2/d727f9fc80e329755cc2fd02edd30807_240x180.jpg,"B –ø—Ä–æ–¥–∞–∂–µ
BMW 740Li G12
–ì–æ–¥: 2017
–û–±—ä–µ–º: 3.0 –±–µ–Ω–∑–∏–Ω
–ü—Ä–æ–±–µ–≥: 200—Ç—ã—Å. –∫–º
–ß–∏—Å—Ç—ã–π –ú-–ø–∞–∫–µ—Ç —Å –∑–∞–≤–æ–¥–∞, –ø–æ–ª–Ω—ã–π –ø—Ä–∏–≤–æ–¥, –ø—Ä–∏–±–æ—Ä–Ω–∞—è –ø–∞–Ω–µ–ª—å –ø—Ä–æ—à–∏—Ç –ø–æ–¥ 760, –¥–≤–∞ –ª—é–∫–∞, –±–æ–∫–æ–≤—ã–µ —à—Ç–æ—Ä–∫–∏, –∑–∞–¥–Ω—è—è —à—Ç–æ—Ä–∫–∞, —á–µ—Ä–Ω—ã–π –∫–æ–∂. —Å–∞–ª–æ–Ω –≤ –∑–∞–≤–æ–¥—Å–∫–æ–º —Å–æ—Å—Ç–æ—è–Ω–∏–∏ !
–¶–µ–Ω–∞: 30.000$
–ö–æ–Ω—Ç–∞–∫—Ç—ã: +996 888 200 000"
Porsche Macan,$37500,https://im.mashina.kg/tachka/images//6/7/e/67ecd9b642c57ca3bc500f4ce5fc8ad6_240x180.jpg,"–≠–∫—Å–∫–ª—é–∑–∏–≤–Ω–æ–µ –∞–≤—Ç–æ
Porsche Macan
–ì–æ–¥: 2019
–ü—Ä–æ–±–µ–≥: 44—Ç—ã—Å. –∫–º –æ—Ä–∏–≥–∏–Ω–∞–ª
–û–±—ä–µ–º: 2.0 —Ç—É—Ä–±–æ
–ù–µ—Å–∫–æ–ª—å–∫–æ —Ä–µ–∂–∏–º–æ–≤ –µ–∑–¥—ã, –ø–æ–¥–æ–≥—Ä–µ–≤—ã —Å–∏–¥–µ–Ω–∏–π, –¥–∞—Ç—á–∏–∫ —É–¥–µ—Ä–∂–∞–Ω–∏—è –ø–æ–ª–æ—Å—ã, off road —Ä–µ–∂–∏–º, –±–æ–ª—å—à–æ–π –º–æ–Ω–∏—Ç–æ—Ä, –ø–∞–Ω–æ—Ä–∞–º–Ω–∞—è –∫—Ä—ã—à–∞, —Å–≤–µ—Ç–ª—ã–π –∫–æ–∂. —Å–∞–ª–æ–Ω, –¥–∏—Å—Ç—Ä–æ–Ω–∏–∫, 2-—Ö –∑–æ–Ω–Ω—ã–π –∫–ª–∏–º–∞—Ç-–∫–æ–Ω—Ç—Ä–æ–ª—å –∏ –º–Ω–æ–≥–æ–µ –¥—Ä.
–ê–≤—Ç–æ –∏–∑ –ö–æ—Ä–µ–∏ 
–í –æ—Ç–ª–∏—á–Ω–æ–º —Ç–µ—Ö–Ω–∏—á–µ—Å–∫–æ–º —Å–æ—Å—Ç–æ—è–Ω–∏–∏!!
–¶–µ–Ω–∞: 37.500$
–ö–æ–Ω—Ç–∞–∫—Ç—ã: +996 888 200 000"
Kia Mohave (Borrego),$41500,https://im.mashina.kg/tachka/images//7/0/0/700bf20ee5d3fa0913ff7bd5360718d7_240x180.jpg,"KIA MOHAVE 
–ì–æ–¥ –≤—ã–ø—É—Å–∫–∞: 2021 
–û–±—ä–µ–º –¥–≤–∏–≥–∞—Ç–µ–ª—è: 3.0
–¢–æ–ø–ª–∏–≤–æ: –¥–∏–∑–µ–ª—å
–ü—Ä–æ–±–µ–≥: 30.000–∫–º  
–ü—Ä–∏–≤–æ–¥: –ü–æ–ª–Ω—ã–π 
–ß–µ—Ä–Ω—ã–π –∫–æ–∂–∞–Ω—ã–π —Å–∞–ª–æ–Ω –≤ –æ—Ç–ª–∏—á–Ω–æ–º —Å–æ—Å—Ç–æ—è–Ω–∏–∏, 3-—Ö –∑–æ–Ω–Ω—ã–π –∫–ª–∏–º–∞—Ç –∫–æ–Ω—Ç—Ä–æ–ª—å, 3 —Ä—è–¥–∞ —Å–∏–¥–µ–Ω–∏–π, —ç–ª–µ–∫—Ç—Ä–æ –ø—Ä–∏–≤–æ–¥ –±–∞–≥–∞–∂–Ω–∏–∫–∞, –ø–æ–¥–æ–≥—Ä–µ–≤ –≤—Å–µ—Ö —Å–∏–¥–µ–Ω–∏–π, –æ–±–¥—É–≤ –ø–µ—Ä–µ–¥–Ω–∏—Ö —Å–∏–¥–µ–Ω–∏–π, –ø–æ–¥–æ–≥—Ä–µ–≤ —Ä—É–ª—è, –∫–∞–º–µ—Ä–∞ –∫—Ä—É–≥–æ–≤–æ–≥–æ –æ–±–∑–æ—Ä–∞ 360, –ø–∞—Ä–∫—Ç—Ä–æ–Ω–∏–∫–∏, –±–µ—Å–ø—Ä–æ–≤–æ–¥–Ω–∞—è –∑–∞—Ä—è–¥–∫–∞,  –æ–±–æ–≥—Ä–µ–≤ –∑–µ—Ä–∫–∞–ª, –±–æ–ª—å—à–æ–π –º–æ–Ω–∏—Ç–æ—Ä, –∫–∞–º–µ—Ä–∞ –∑–∞–¥–Ω–µ–≥–æ –≤–∏–¥–∞, —Ä–µ–∂–∏–º—ã –µ–∑–¥—ã, –∞–≤—Ç–æ –≤–∫–ª—é—á–µ–Ω–∏–µ –¥–∞–ª—å–Ω–µ–≥–æ —Å–≤–µ—Ç–∞, –¥–∞—Ç—á–∏–∫ —Å–ª–µ–ø—ã—Ö –∑–æ–Ω, –∫–æ–Ω—Ç—Ä–æ–ª—å –ø–æ–ª–æ—Å, –¥–∏—Å—Ç—Ä–æ–Ω–∏–∫, –∞–¥–∞–ø—Ç–∏–≤–Ω—ã–π –∫—Ä—É–∏–∑ –∫–æ–Ω—Ç—Ä–æ–ª—å, –±–µ–∑–∫–ª—é—á–µ–≤–æ–π –¥–æ—Å—Ç—É–ø, Push Start, –≤—Å–µ —Å—Ç–µ–∫–ª–∞ —Ä–æ–¥–Ω—ã–µ –≤–ø–ª–æ—Ç—å –¥–æ –ª–æ–±–æ–≤–æ–≥–æ, –ª—é–∫, –æ—Ç–¥–µ–ª–∫–∏ —Å–∞–ª–æ–Ω–∞ –ê–ª—å–∫–∞–Ω—Ç–∞—Ä–∞, —ç–ª–µ–∫—Ç—Ä–æ–Ω–Ω—ã–π —â–∏—Ç –ø—Ä–∏–±–æ—Ä, –ø–∞–º—è—Ç—å —Å–∏–¥–µ–Ω–∏–π, –ø—Ä–µ–º–∏—É–º –∞–∫—É—Å—Ç–∏–∫–∞ ¬´Lexicon¬ª, –î–í–ê –ö–õ–Æ–ß–ê!
VIN: KNAKR814DMA226027
–ê–≤—Ç–æ –≤ –æ—Ç–ª–∏—á–Ω–æ–º —Å–æ—Å—Ç–æ—è–Ω–∏–∏! –í –ø–æ–ª–Ω–æ–π –∫–æ–º–ø–ª–µ–∫—Ç–∞—Ü–∏–∏! 
–†–∞—Å—Ç–∞–º–æ–∂–µ–Ω–∞ –∏ –û—Ñ–æ—Ä–º–ª–µ–Ω–∞! 
–¶–µ–Ω–∞: 41.500$ 
–ö–æ–Ω—Ç–∞–∫—Ç—ã: 0502102104 "
BMW X5,$65000,https://im.mashina.kg/tachka/images//0/e/2/0e2c3ac095d0af90bff5b40660720a64_240x180.jpg,"BMW X5 G05
–ì–æ–¥: 2022
–û–±—ä–µ–º: 3.0 –±–µ–Ω–∑–∏–Ω
–ü—Ä–æ–±–µ–≥: 14—Ç—ã—Å. –∫–º
–ü–æ–ª–Ω–æ—Å—Ç—å—é –ø–µ—Ä–µ–¥–µ–ª–∞–Ω –≤ –•5–ú
–°—Ç–æ–∏—Ç –æ–±–≤–µ—Å Paradigm
–•—Ä—É—Å—Ç–∞–ª—å–Ω—ã–µ —ç–ª–µ–º–µ–Ω—Ç—ã Swarovski, –ø–∞–Ω–æ—Ä–∞–º–Ω–∞—è –∫—Ä—ã—à–∞ —Å –ø–æ–¥—Å–≤–µ—Ç–∫–æ–π Sky Lounge, –∂–µ—Å—Ç—ã —É–ø—Ä–∞–≤–ª–µ–Ω–∏—è –º—É–ª—å—Ç–∏–º–µ–¥–∏–µ–π, –º –ø–∞–∫–µ—Ç —Å –∑–∞–≤–æ–¥–∞, –æ–±–¥—É–≤—ã –∏ –ø–æ–¥–æ–≥—Ä–µ–≤—ã —Å–∏–¥–µ–Ω–∏–π, –ø—Ä–æ–µ–∫—Ü–∏—è –Ω–∞ –ª–æ–±–æ–≤–æ–µ —Å—Ç–µ–∫–ª–æ, –∫–∞–º–µ—Ä—ã 360 –∏ –º–Ω–æ–≥–æ–µ –¥—Ä.
–†–∞—Å—Ç–∞–º–æ–∂–µ–Ω–∞ –∏ –û—Ñ–æ—Ä–º–ª–µ–Ω–∞ –Ω–∞ –ö–† –Ω–æ–º–µ—Ä–∞
VIN: 5UXCR6C03N9M44878
–ü—Ä–∏–≥–Ω–∞–Ω: 14.03.2023–≥
–¶–µ–Ω–∞: 65000$
–ö–æ–Ω—Ç–∞–∫—Ç—ã: 0502102104"
Land Rover Range Rover Velar,$45000,https://im.mashina.kg/tachka/images//2/f/a/2fa643baa99898b2c735c9912badba8b_240x180.jpg,"Range Rover Velar
–ì–æ–¥ –≤—ã–ø—É—Å–∫–∞: 2018
–û–±—ä–µ–º: 2.0
–¢–æ–ø–ª–∏–≤–æ: –±–µ–Ω–∑–∏–Ω
–ü—Ä–æ–±–µ–≥: 78.XXX –∫–º
–ü—Ä–∏–≤–æ–¥: –ü–æ–ª–Ω—ã–π
–ö–ü–ü: –ê–≤—Ç–æ–º–∞—Ç
–†–∞—Å—Ö–æ–¥ —Ç–æ–ø–ª–∏–≤–∞: 8-10–ª/100–∫–º
–ü–æ–ª–Ω—ã–π —ç–ª–µ–∫—Ç—Ä–æ –ø–∞–∫–µ—Ç, –±–æ–ª—å—à–æ–π –º–æ–Ω–∏—Ç–æ—Ä, –ø—Ä–µ–º–∏—É–º –∞–∫—É—Å—Ç–∏–∫–∞
¬´Meridian¬ª, —ç–ª–µ–∫—Ç—Ä–æ–Ω–Ω—ã–π —Ä—É—á–Ω–∏–∫, —É–¥–µ—Ä–∂–∞–Ω–∏–µ –ø–æ–ª–æ—Å,
–ø–∞—Ä–∫—Ç—Ä–æ–Ω–∏–∫–∏, –ª–∞–∑–µ—Ä–Ω–∞—è –æ–ø—Ç–∏–∫–∞, –¥–∏—Å–∫–∏ R21, auto Stop/Start, –∫—Ä—É–∏–∑ –∫–æ–Ω—Ç—Ä–æ–ª—å,
Bluetooth, –¥–∞—Ç—á–∏–∫ –¥–æ–∂–¥—è, –¥–∞—Ç—á–∏–∫ —Å–≤–µ—Ç–∞, –≤—Å–µ —Å—Ç–µ–∫–ª–∞ —Ä–æ–¥–Ω—ã–µ –≤–ø–ª–æ—Ç—å –¥–æ –ª–æ–±–æ–≤–æ–≥–æ, —á–µ—Ä–Ω—ã–π –∫–æ–∂–∞–Ω—ã–π —Å–∞–ª–æ–Ω, –ø–∞–Ω–æ—Ä–∞–º–Ω—ã–π –±–æ–ª—å—à–æ–π –ª—é–∫, —ç–ª–µ–∫—Ç—Ä–æ —Å–∫–ª–∞–¥—ã–≤–∞—é—â–∏–µ—Å—è –∑–µ—Ä–∫–∞–ª–∞, –ø—É—à —Å—Ç–∞—Ä—Ç, –±–µ–∑ –∫–ª—é—á–µ–≤–æ–π –¥–æ—Å—Ç—É–ø,
–ê–≤—Ç–æ –∏–∑ –ê–º–µ—Ä–∏–∫–∏!
VIN: SALYB2RX8JA714312
–†–∞—Å—Ç–∞–º–æ–∂–µ–Ω–∞ –∏ –û—Ñ–æ—Ä–º–ª–µ–Ω–∞!
–¶–µ–Ω–∞: 45.000$"
Kia K9,$40000,https://im.mashina.kg/tachka/images//1/1/7/1173c6620021d6c10668cb3ef45cf04b_240x180.jpg,"KIA K9
–ì–æ–¥: 2022
–ü—Ä–æ–±–µ–≥: 28—Ç—ã—Å. –∫–º
–û–±—ä—ë–º: 3.8 –±–µ–Ω–∑–∏–Ω
–ü—Ä–∏–≤–æ–¥: –ü–æ–ª–Ω—ã–π –ø—Ä–∏–≤–æ–¥
–í —Å–∞–º–æ–π –ø–æ–ª–Ω–æ–π –∫–æ–º–ø–ª–µ–∫—Ç–∞—Ü–∏–∏:
–î–∞—Ç—á–∏–∫ —É–¥–µ—Ä–∂–∞–Ω–∏—è –ø–æ–ª–æ—Å—ã, –¥–∏—Å—Ç—Ä–æ–Ω–∏–∫, –¥–∏–æ–¥–Ω–∞—è led-–æ–ø—Ç–∏–∫–∞, –∞–∫—É—Å—Ç–∏–∫–∞ KRELL, –∑–∞–¥–Ω–∏–µ —à—Ç–æ—Ä–∫–∏ –Ω–∞ –¥–≤–µ—Ä—è—Ö –∏ –Ω–∞ –∑–∞–¥–Ω–µ–º –ª–æ–±–æ–≤–æ–º, –ø–æ–¥–æ–≥—Ä–µ–≤—ã –∏ –æ–±–¥—É–≤—ã –≤—Å–µ—Ö —Å–∏–¥–µ–Ω–∏–π, –∫–∞–º–µ—Ä–∞ 360, –∫–æ—Ä–∏—á–Ω–µ–≤—ã–π –∫–æ–∂. —Å–∞–ª–æ–Ω, 4-—Ö –∑–æ–Ω–Ω—ã–π –∫–ª–∏–º–∞—Ç-–∫–æ–Ω—Ç—Ä–æ–ª—å, –ª—é–∫, –º—É–ª—å—Ç–∏-—Ä—É–ª—å –∫–æ–º–±–∏–Ω–∏—Ä–æ–≤–∞–Ω–Ω—ã–π —Å –∫–æ–∂–µ–π –∏ –¥–µ—Ä–µ–≤–æ–º, –æ–±–æ–≥—Ä–µ–≤ —Ä—É–ª—è
–¶–µ–Ω–∞ : 40.000$
–¢–µ–ª–µ—Ñ–æ–Ω: +996 888 200000"
Lexus ES,$24500,https://im.mashina.kg/tachka/images//a/c/c/acca4b1da9261de939e5c120cab9a4b8_240x180.jpg,"–ü—Ä–æ–¥–∞—é —Å–≤–æ–∏ –∞–≤—Ç–æ–º–æ–±–∏–ª—å 
–ü–µ—Ä–≤—ã–π —Ö–æ–∑—è–∏–Ω, —Å 2018–≥
Lexus Es250
–ì–æ–¥: 2017
–ü—Ä–æ–±–µ–≥: 109—Ç—ã—Å –∫–º –æ—Ä–∏–≥–∏–Ω–∞–ª
–û–±—ä–µ–º: 2.5 –±–µ–Ω–∑–∏–Ω
–ü–æ–ª–Ω–∞—è –∫–æ–º–ª–µ–∫—Ç–∞—Ü–∏—è: –õ—é–∫, –®—Ç–æ—Ä–∫–∞, –ø–æ–¥–æ–≥—Ä–µ–≤—ã –∏ –æ–±–¥—É–≤—ã —Å–∏–¥–µ–Ω–∏–π, –∫–∞–º–µ—Ä–∞ –∑–∞–¥–Ω–µ–≥–æ –≤–∏–¥–∞, –ø–∞—Ä–∫—Ç—Ä–æ–Ω–∏–∫–∏, –Ω–æ–≤–∞—è –∑–∏–º–Ω—è—è —Ä–µ–∑–∏–Ω–∞, —Ä—É–ª—å –¥–µ—Ä–µ–≤–æ, 3 —Ä–µ–∂–∏–º–∞ –µ–∑–¥—ã: eco, sport, comfort
–¶–µ–Ω–∞: 24500$
–ö–æ–Ω—Ç–∞–∫—Ç—ã: +996 501108100
–í –ø–æ–ª–Ω–æ–º –æ–∫—Ä–∞—Å–µ.
–í –∏–¥–µ–∞–ª—å–Ω–æ–º —Å–æ—Å—Ç–æ—è–Ω–∏–∏"
Voyah Free,$40000,https://im.mashina.kg/tachka/images//f/d/0/fd05e6106122eb68f2a769968839ef71_240x180.jpg,"Voyah Free Apollo tech 2024 model 
–ö—Ä—ã—à–∞ –≥–∞–∑–æ–≤–∞—è 
–ö–æ–º–ø–ª–µ–∫—Ç–∞—Ü–∏—è –º–∞–∫—Å–∏–º–∞–ª—å–Ω–∞—è "
Kia Morning,$7800,https://im.mashina.kg/tachka/images//f/7/0/f700a68c2bf4f8a0c40bee5c5691ca15_240x180.jpg,"–ü—Ä–æ–¥–∞—é 
Kia Morning 
–ì–æ–¥: 2018
–û–±—ä–µ–º: 1.0 –≥–∞–∑ 
–ü—Ä–æ–±–µ–≥: 110—Ç—ã—Å. –∫–º
–ê–≤—Ç–æ –æ—Ç–ª–∏—á–Ω–æ–º —Å–æ—Å—Ç–æ—è–Ω–∏–∏!!!
–ù–∞ –ö–† –Ω–æ–º–µ—Ä–∞—Ö ! 
–¶–µ–Ω–∞: 7800$
–ö–æ–Ω—Ç–∞–∫—Ç—ã: +996 702 222 812 
"
Lexus RX,$62000,https://im.mashina.kg/tachka/images//e/e/4/ee4cfc0c10cb3d0244e875768a82b507_240x180.jpg,"LEXUS RX 450H
‚Ä¢	–ì–æ–¥ –≤—ã–ø—É—Å–∫–∞: 2021
‚Ä¢	–û–±—ä–µ–º: 3.5 –≥–∏–±—Ä–∏–¥
‚Ä¢	–¶–≤–µ—Ç: –ë–µ–ª—ã–π
‚Ä¢	–ü—Ä–æ–±–µ–≥: 22 000–∫–º
‚Ä¢	–¶–µ–Ω–∞: 62 000$

–ï–≤—Ä–æ–ø–µ–µ—Ü, –≤ –∫–æ–º–ø–ª–µ–∫—Ç–∞—Ü–∏–∏ F sport, —Å–æ—Å—Ç–æ—è–Ω–∏–µ –æ—Ç–ª–∏—á–Ω–æ–µ, –ø–∞–Ω–æ—Ä–∞–º–Ω–∞—è –∫—Ä—ã—à–∞, 360  –∫–∞–º–µ—Ä–∞, –ø—Ä–æ–µ–∫—Ü–∏—è –∏ –º–Ω–æ–≥–æ–µ –¥—Ä.

–ú–∞—à–∏–Ω—É –º–æ–∂–Ω–æ –ø–æ—Å–º–æ—Ç—Ä–µ—Ç—å –≤ –∞–≤—Ç–æ—Å–∞–ª–æ–Ω–µ ""–ê–í–¢–û –ö–ï–ù–ß"" –ø–æ –∞–¥—Ä–µ—Å—É —É–ª. –¢–æ–≥–æ–ª–æ–∫ –ú–æ–ª–¥–æ 21/1–î 
(–¢–æ–≥–æ–ª–æ–∫ –ú–æ–ª–¥–æ/–°—ã–¥—ã–∫–æ–≤–∞)"
LiXiang L7,$54800,https://im.mashina.kg/tachka/images//7/5/c/75cd0d1b9266cb58e8d82f42f937f6c1_240x180.jpg,"-–§–ª–∞–≥–º–∞–Ω—Å–∫–∏–π 5-–º–µ—Å—Ç–Ω—ã–π –∫—Ä–æ—Å—Å–æ–≤–µ—Ä LiXiang L7.
–î–ª–∏–Ω–∞ LiXiang L7 —Å–æ—Å—Ç–∞–≤–ª—è–µ—Ç 5 050 –º–º, —à–∏—Ä–∏–Ω–∞ - 1 995
–ú–º, –≤—ã—Å–æ—Ç–∞ - 1 800 –º–º, –∞ –∫–æ–ª–µ—Å–Ω–∞—è –±–∞–∑–∞ - 3 005 –º–º, —á—Ç–æ –æ–±–µ—Å–ø–µ—á–∏–≤–∞–µ—Ç –ø—Ä–æ—Å—Ç–æ—Ä–Ω—ã–π —Å–∞–ª–æ–Ω –∏ –±–æ–ª–µ–µ —ç—Ñ—Ñ–µ–∫—Ç–∏–≤–Ω–æ–µ –∏—Å–ø–æ–ª—å–∑–æ–≤–∞–Ω–∏–µ –≤–Ω—É—Ç—Ä–µ–Ω–Ω–µ–≥–æ –ø—Ä–æ—Å—Ç—Ä–∞–Ω—Å—Ç–≤–∞.
-–ö—Ä–æ—Å—Å–æ–≤–µ—Ä Lixiang L7 –ø–æ–ª—É—á–∏–ª –≤—ã—Å—à–∏–µ –æ—Ü–µ–Ω–∫–∏ (G) –æ—Ç
¬´–ò–Ω–¥–µ–∫—Å–∞ –±–µ–∑–æ–ø–∞—Å–Ω–æ—Å—Ç–∏ –∞–≤—Ç–æ–º–æ–±–∏–ª–µ–π –ö–∏—Ç–∞—è (C-IASI)¬ª.
–î–æ–±–∞–≤—å—Ç–µ –∫ —ç—Ç–æ–º—É –∫–æ–Ω—Å—Ç—Ä—É–∫—Ü–∏—é –∫—É–∑–æ–≤–∞, 75% –∫–æ—Ç–æ—Ä–æ–≥–æ –≤—ã–ø–æ–ª–Ω–µ–Ω–æ –∏–∑ –≤—ã—Å–æ–∫–æ–ø—Ä–æ—á–Ω–æ–π —Å—Ç–∞–ª–∏. –∏ 10-–ø–æ–∑–∏—Ü–∏–æ–Ω–Ω—ã–µ –ø–æ–¥—É—à–∫–∏ –±–µ–∑–æ–ø–∞—Å–Ω–æ—Å—Ç–∏. –í—ã –∏ –≤–∞—à–∞ —Å–µ–º—å—è –ø–æ–¥ –Ω–∞–¥–µ–∂–Ω–æ–π –∑–∞—â–∏—Ç–æ–π.
-LiXiang L7 —è–≤–ª—è–µ—Ç—Å—è —á–µ—Ç—ã—Ä–µ—Ö—Ü–∏–ª–∏–Ω–¥—Ä–æ–≤—ã–π –¥–≤–∏–≥–∞—Ç–µ–ª—å –æ–±—ä–µ–º–æ–º 1,5 –ª–∏—Ç—Ä–∞, –ø–æ–∑–≤–æ–ª—è—é—â–∏–π —Ä–∞–∑–≥–æ–Ω—è—Ç—å—Å—è –æ—Ç 0 –¥–æ 100 –∫–º/—á –≤—Å–µ–≥–æ –∑–∞ 5,3 —Å–µ–∫—É–Ω–¥—ã. –≠—Ñ—Ñ–µ–∫—Ç–∏–≤–Ω–æ—Å—Ç—å –ø–æ–¥—Ç–≤–µ—Ä–∂–¥–∞–µ—Ç—Å—è —Ä–∞—Å—Ö–æ–¥–æ–º —Ç–æ–ø–ª–∏–≤–∞ –≤—Å–µ–≥–æ 5,9 –ª/100 –∫–º –ø–æ CLTC. –ê –∞–∫–∫—É–º—É–ª—è—Ç–æ—Ä–Ω–∞—è –±–∞—Ç–∞—Ä–µ—è –µ–º–∫–æ—Å—Ç—å—é 44,5 –∫–í—Ç*—á –æ–±–µ—Å–ø–µ—á–∏–≤–∞–µ—Ç –∑–∞–ø–∞—Å —Ö–æ–¥–∞ –Ω–∞ —ç–ª–µ–∫—Ç—Ä–∏—á–µ—Å—Ç–≤–µ –¥–æ
180 –ö–ú.
-LiXiang L7 - —ç—Ç–æ –∏–¥–µ–∞–ª—å–Ω—ã–π –≤—ã–±–æ—Ä –¥–ª—è —Ç–µ—Ö, –∫—Ç–æ –∏—â–µ—Ç —Å–æ–≤—Ä–µ–º–µ–Ω–Ω—ã–π, –±–µ–∑–æ–ø–∞—Å–Ω—ã–π –∏ —Ç–µ—Ö–Ω–æ–ª–æ–≥–∏—á–Ω—ã–π –∞–≤—Ç–æ–º–æ–±–∏–ª—å –¥–ª—è –≤—Å–µ–π —Å–µ–º—å–∏. –û—Å–Ω–∞—â–µ–Ω–Ω—ã–π –ø–æ –ø–æ—Å–ª–µ–¥–Ω–µ–º—É —Å–ª–æ–≤—É —Ç–µ—Ö–Ω–∏–∫–∏, —ç—Ç–æ—Ç –≥–∏–±—Ä–∏–¥–Ω—ã–π –∫—Ä–æ—Å—Å–æ–≤–µ—Ä –ø–æ—Ä–∞–∂–∞–µ—Ç —Å–≤–æ–µ–π —Ç–µ—Ö–Ω–∏—á–µ—Å–∫–æ–π ""–Ω–∞—á–∏–Ω–∫–æ–π"" –∏ —ç–Ω–µ—Ä–≥–æ–≤–æ–æ—Ä—É–∂–µ–Ω–Ω–æ—Å—Ç—å—é.
"
BMW X5,$56000,https://im.mashina.kg/tachka/images//7/a/3/7a30326814c70fbc8eea3bc861faccee_240x180.jpg,"–°—Ä–æ—á–Ω–æ!–°—Ä–æ—á–Ω–æ!–°—Ä–æ—á–Ω–æ!
–¢–æ–ª—å–∫–æ –∑–∞ –Ω–∞–ª–∏—á–∫—É!
–ü—Ä–æ–¥–∞—é: BMW X5 x drive 3.0 –±–µ–Ω–∑–∏–Ω,
–ø–µ—Ä–µ–¥–µ–ª–∞–Ω –ø–æ–¥ –ú–ö—É
–°–æ—Å—Ç–æ—è–Ω–∏–µ: –æ—Ç–ª–∏—á–Ω–æ–µ.
–¶–µ–Ω–∞: 68000$
"
Toyota Land Cruiser,$42000,https://im.mashina.kg/tachka/images//a/5/1/a515d1f8358ccf67dff045af653b61d7_240x180.jpg,–ú–∞—à—ã–Ω–∞ –≤ —Ö–æ—Ä–æ—à–µ–º —Å–æ—Å—Ç–æ—è–Ω–∏–∏ 
Kia Carnival,$25000,https://im.mashina.kg/tachka/images//a/1/3/a138ead10b1521ae73abf2d499f3953d_240x180.jpg,"–ú–∞—à–∏–Ω–∞ –∏–¥–µ–∞–ª—å–Ω–æ–º —Å–æ—Å—Ç–æ—è–Ω–∏–∏ 
–û—Ä–∏–≥–∏–Ω–∞–ª –ø—Ä–æ–±–µ–≥ —Ä–æ–¥–Ω–∞—è –∫—Ä–∞—Å–∫–∞ üíØ"
Toyota Highlander,$31500,https://im.mashina.kg/tachka/images//e/f/d/efd78b488fb707287b5cf8b40f20f7c4_240x180.jpg,"–ü—Ä–æ–¥–∞—é Toyota Highlander III (U50) –†–µ—Å—Ç–∞–π–ª–∏–Ω–≥
–ì–æ–¥ –≤—ã–ø—É—Å–∫–∞ 2017
–ü—Ä–æ–±–µ–≥ 128 747 –∫–º
–ö—É–∑–æ–≤ –≤–Ω–µ–¥–æ—Ä–æ–∂–Ω–∏–∫ 5 –¥–≤.
–¶–≤–µ—Ç —Å–∏–Ω–∏–π
–î–≤–∏–≥–∞—Ç–µ–ª—å 3.5 –ª / –≥–∏–±—Ä–∏–¥
–ö–æ—Ä–æ–±–∫–∞ –∞–≤—Ç–æ–º–∞—Ç
–ü—Ä–∏–≤–æ–¥ –ø–æ–ª–Ω—ã–π
–†—É–ª—å —Å–ª–µ–≤–∞
–°–≤–µ—Ç–ª—ã–π –∫–æ–∂–∞–Ω–Ω—ã–π —Å–∞–ª–æ–Ω –≤ –æ—Ç–ª–∏—á–Ω–æ–º —Å–æ—Å—Ç–æ—è–Ω–∏–∏.
3-—Ö –∑–æ–Ω–Ω—ã–π –∫–ª–∏–º–∞—Ç –∫–æ–Ω—Ç—Ä–æ–ª—å, –∑–∞–¥–Ω–∏–µ —à—Ç–æ—Ä–∫–∏, 3 —Ä—è–¥–∞ —Å–∏–¥–µ–Ω–∏–π
—ç–ª–µ–∫—Ç—Ä–æ –ø—Ä–∏–≤–æ–¥ –±–∞–≥–∞–∂–Ω–∏–∫–∞, –±–æ–ª—å—à–æ–π –º–æ–Ω–∏—Ç–æ—Ä, –∫–∞–º–µ—Ä–∞ –∑–∞–¥–Ω–µ–≥–æ –≤–∏–¥–∞,
ECO/EV MODE –¥–∞—Ç—á–∏–∫ —Å–ª–µ–ø—ã—Ö –∑–æ–Ω, –∫–æ–Ω—Ç—Ä–æ–ª—å –ø–æ–ª–æ—Å—ã, –¥–∏—Å—Ç—Ä–æ–Ω–Ω–∏–∫, –∞–¥–∞–ø—Ç–∏–≤–Ω—ã–π –∫—Ä—É–∏–∑ –∫–æ–Ω—Ç—Ä–æ–ª—å
–ß–ò–°–¢–´–ô –ö–ê–†–§–ê–ö–°, –Ω–∞ –Ω–æ–≤–æ–π –∑–∏–º–Ω–µ–π —Ä–µ–∑–∏–Ω–µ Continental, –±–∞—Ç–∞—Ä–µ–π–∫–∏ –≤ –∏–¥–µ–∞–ª—å–Ω–æ–º —Å–æ—Å—Ç–æ—è–Ω–∏–∏.
–î–ï–õ–ê–¢–¨ –ê–ë–°–û–õ–Æ–¢–ù–û –ù–ò–ß–ï–ì–û –Ω–µ –Ω–∞–¥–æ
–¢–æ—Ä–≥ —Ä–µ–∞–ª—å–Ω–æ–º—É –∫–ª–∏–µ–Ω—Ç—É, –æ–±–º–µ–Ω —Ç–æ–ª—å–∫–æ —Å –¥–æ–ø–ª–∞—Ç–æ–π –º–Ω–µ...
–¶–µ–Ω–∞ –∏–∑ –∑–∞ —Å—Ä–æ—á–Ω–æ—Å—Ç–∏ 31 500$ 
–¢–µ–ª. 0705 76 56 00"
